Name,Surname,Login,E-mail,3.75297E+11
Name,Surname,Login,E-mail,3.75297E+11
Name,Surname,Login,E-mail,3.75297E+11
Name,Surname,Login,E-mail,3.75297E+11
Name,Surname,Login,E-mail,3.75297E+11
sName,Surname,Login,E-mail,3.75297E+11
Name,Surname,Login,E-mail,3.75297E+11
Nsame,Surname,Login,E-mail,3.75297E+11
dName,Surname,Login,E-mail,3.75297E+11
Name,Surname,Login,E-mail,3.75297E+11
Name,Surname,Login,E-mail,3.75297E+11
dName,Surname,Login,E-mail,3.75297E+11
Name,Surname,Login,E-mail,3.75297E+11
Name,Surname,Login,E-mail,3.75297E+11
Ncame,Surname,Login,E-mail,3.75297E+11
Name,Sxurname,Login,E-mail,3.75297E+11
Name,Surname,Login,E-mail,3.75297E+11
Name,Surname,Login,E-mail,3.75297E+11
Name,Suxrname,Login,E-mail,3.75297E+11
Name,Surname,Login,E-mail,3.75297E+11
Name,Surname,Login,E-mail,3.75297E+11
Name,Surxname,Login,E-mail,3.75297E+11
Name,Surname,Login,E-mail,3.75297E+11
Name,Surname,Login,E-mail,3.75297E+11
Name,Surnxsame,Login,E-mail,3.75297E+11
Name,Surname,Login,E-mail,3.75297E+11
Name,Surnaeme,Login,E-mail,3.75297E+11
Name,Surname,Login,E-mail,3.75297E+11
Name,Surnamftge,Lofergin,E-maffeil,3.75297E+11
Name,Surname,Login,E-mail,3.75297E+11
Name,Surname,Login,E-mail,3.752957E+11
Name,Surname,Login,E-mail,3.75297E+11
Name,Surname,Login,E-mail,3.75297E+11
Name,Surname,Login,E-mail,3.75297E+11
Name,Surname,Login,E-mail,3.752957E+11
Name,Surname,Login,E-mail,3.75297E+11
Name,Surname,Login,E-mail,3.7525597E+11
Name,Surname,Login,E-mail,3.75297E+11
Name,Surname,Login,E-mail,3.75297E+11
Name,Surname,Login,E-mail,3.75297E+11
Name,Surname,Login,E-mail,3.7529567E+11
Name,Surname,Login,E-mail,3.75297E+11
Name,Surname,Login,E-mail,3.75297E+11
Name,Surname,Login,E-mail,3.75297E+11
Name,Surname,Login,E-mail,3.75297E+11
Name,Surname,Login,E-mail,3.75297E+11
Name,Surname,Login,E-mail,3.75297E+11
Name,Surname,Login,E-mail,3.75297E+11
Name,Surname,Login,E-mail,3.75297E+11
Name,Surname,Login,E-mail,3.75297E+11
Name,Surname,Login,E-mail,3.75297E+11
Name,Surname,Login,E-mail,3.75297E+11
Name,Surname,Login,E-mail,3.75297E+11
Name,Surname,Login,E-mail,3.75297E+11
Name,Surname,Login,E-mail,3.75297E+11
Name,Surname,Login,E-mail,3.75297E+11
Name,Surname,Login,E-mail,3.75297E+11
Name,Surname,Login,E-mail,3.75297E+11
Name,Surname,Login,E-mail,3.75297E+11
Name,Surname,Login,E-mail,3.75297E+11
Name,Surname,Login,E-mail,3.75297E+11
Name,Surname,Login,E-mail,3.75297E+11
Name,Surname,Login,E-mail,3.75297E+11
Name,Surname,Login,E-mail,3.75297E+11
Name,Surname,Login,E-mail,3.75297E+11
Name,Surname,Login,E-mail,3.75297E+11
Name,Surname,Login,E-mail,3.75297E+11
Name,Surname,Login,E-mail,3.75297E+11
Name,Surname,Login,E-mail,3.75297E+11
Name,Surname,Login,E-mail,3.75297E+11
Name,Surname,Login,E-mail,3.75297E+11
Name,Surname,Login,E-mail,3.75297E+11
Name,Surname,Login,E-mail,3.75297E+11
Name,Surname,Login,E-mail,3.75297E+11
Name,Surname,Login,E-mail,3.75297E+11
Name,Surname,Login,E-mail,3.75297E+11
Name,Surname,Login,E-mail,3.75297E+11
Name,Surname,Login,E-mail,3.75297E+11
Name,Surname,Login,E-mail,3.75297E+11
Name,Surname,Login,E-mail,3.75297E+11
Name,Surname,Login,E-mail,3.75297E+11
Name,Surname,Login,E-mail,3.75297E+11
Name,Surname,Login,E-mail,3.75297E+11
Name,Surname,Login,E-mail,3.75297E+11
Name,Surname,Login,E-mail,3.75297E+11
Name,Surname,Login,E-mail,3.75297E+11
Name,Surname,Login,E-mail,3.75297E+11
Name,Surname,Login,E-mail,3.75297E+11
Name,Surname,Login,E-mail,3.75297E+11
Name,Surname,Login,E-mail,3.75297E+11
Name,Surname,Login,E-mail,3.75297E+11
Name,Surname,Login,E-mail,3.75297E+11
Name,Surname,Login,E-mail,3.75297E+11
Name,Surname,Login,E-mail,3.75297E+11
Name,Surname,Login,E-mail,3.75297E+11
Name,Surname,Login,E-mail,3.75297E+11
Name,Surname,Login,E-mail,3.75297E+11
Name,Surname,Login,E-mail,3.75297E+11
Name,Surname,Login,E-mail,3.75297E+11
Name,Surname,Login,E-mail,3.75297E+11
